source_family,url,local_path,status,bytes,bytes_human
JRC_GSW_occurrence,http://storage.googleapis.com/global-surface-water/downloads2021/occurrence/occurrence_100W_30Nv1_4_2021.tif,<external data root>\r58_official_controls\jrc_gsw_v1_4_2021\occurrence\occurrence_100W_30Nv1_4_2021.tif,already_present,39655096,37.82 MB
JRC_GSW_occurrence,http://storage.googleapis.com/global-surface-water/downloads2021/occurrence/occurrence_100W_40Nv1_4_2021.tif,<external data root>\r58_official_controls\jrc_gsw_v1_4_2021\occurrence\occurrence_100W_40Nv1_4_2021.tif,already_present,57873184,55.19 MB
JRC_GSW_occurrence,http://storage.googleapis.com/global-surface-water/downloads2021/occurrence/occurrence_10E_20Nv1_4_2021.tif,<external data root>\r58_official_controls\jrc_gsw_v1_4_2021\occurrence\occurrence_10E_20Nv1_4_2021.tif,already_present,22428892,21.39 MB
JRC_GSW_occurrence,http://storage.googleapis.com/global-surface-water/downloads2021/occurrence/occurrence_10W_50Nv1_4_2021.tif,<external data root>\r58_official_controls\jrc_gsw_v1_4_2021\occurrence\occurrence_10W_50Nv1_4_2021.tif,already_present,42261612,40.30 MB
JRC_GSW_occurrence,http://storage.googleapis.com/global-surface-water/downloads2021/occurrence/occurrence_120E_20Nv1_4_2021.tif,<external data root>\r58_official_controls\jrc_gsw_v1_4_2021\occurrence\occurrence_120E_20Nv1_4_2021.tif,already_present,59806782,57.04 MB
JRC_GSW_occurrence,http://storage.googleapis.com/global-surface-water/downloads2021/occurrence/occurrence_40E_20Nv1_4_2021.tif,<external data root>\r58_official_controls\jrc_gsw_v1_4_2021\occurrence\occurrence_40E_20Nv1_4_2021.tif,already_present,38469074,36.69 MB
JRC_GSW_occurrence,http://storage.googleapis.com/global-surface-water/downloads2021/occurrence/occurrence_40E_20Sv1_4_2021.tif,<external data root>\r58_official_controls\jrc_gsw_v1_4_2021\occurrence\occurrence_40E_20Sv1_4_2021.tif,already_present,24520550,23.38 MB
JRC_GSW_occurrence,http://storage.googleapis.com/global-surface-water/downloads2021/occurrence/occurrence_60E_30Nv1_4_2021.tif,<external data root>\r58_official_controls\jrc_gsw_v1_4_2021\occurrence\occurrence_60E_30Nv1_4_2021.tif,already_present,46178626,44.04 MB
JRC_GSW_occurrence,http://storage.googleapis.com/global-surface-water/downloads2021/occurrence/occurrence_80E_30Nv1_4_2021.tif,<external data root>\r58_official_controls\jrc_gsw_v1_4_2021\occurrence\occurrence_80E_30Nv1_4_2021.tif,already_present,83431512,79.57 MB
JRC_GSW_occurrence,http://storage.googleapis.com/global-surface-water/downloads2021/occurrence/occurrence_90E_20Nv1_4_2021.tif,<external data root>\r58_official_controls\jrc_gsw_v1_4_2021\occurrence\occurrence_90E_20Nv1_4_2021.tif,already_present,57192916,54.54 MB
JRC_GSW_occurrence,http://storage.googleapis.com/global-surface-water/downloads2021/occurrence/occurrence_90W_10Sv1_4_2021.tif,<external data root>\r58_official_controls\jrc_gsw_v1_4_2021\occurrence\occurrence_90W_10Sv1_4_2021.tif,already_present,12212116,11.65 MB
JRC_GSW_occurrence,http://storage.googleapis.com/global-surface-water/downloads2021/occurrence/occurrence_90W_20Nv1_4_2021.tif,<external data root>\r58_official_controls\jrc_gsw_v1_4_2021\occurrence\occurrence_90W_20Nv1_4_2021.tif,already_present,46905880,44.73 MB
JRC_GSW_occurrence,http://storage.googleapis.com/global-surface-water/downloads2021/occurrence/occurrence_90W_40Nv1_4_2021.tif,<external data root>\r58_official_controls\jrc_gsw_v1_4_2021\occurrence\occurrence_90W_40Nv1_4_2021.tif,already_present,53487920,51.01 MB
JRC_GSW_seasonality,http://storage.googleapis.com/global-surface-water/downloads2021/seasonality/seasonality_100W_30Nv1_4_2021.tif,<external data root>\r58_official_controls\jrc_gsw_v1_4_2021\seasonality\seasonality_100W_30Nv1_4_2021.tif,already_present,20460596,19.51 MB
JRC_GSW_seasonality,http://storage.googleapis.com/global-surface-water/downloads2021/seasonality/seasonality_100W_40Nv1_4_2021.tif,<external data root>\r58_official_controls\jrc_gsw_v1_4_2021\seasonality\seasonality_100W_40Nv1_4_2021.tif,already_present,30301038,28.90 MB
JRC_GSW_seasonality,http://storage.googleapis.com/global-surface-water/downloads2021/seasonality/seasonality_10E_20Nv1_4_2021.tif,<external data root>\r58_official_controls\jrc_gsw_v1_4_2021\seasonality\seasonality_10E_20Nv1_4_2021.tif,already_present,15171146,14.47 MB
JRC_GSW_seasonality,http://storage.googleapis.com/global-surface-water/downloads2021/seasonality/seasonality_10W_50Nv1_4_2021.tif,<external data root>\r58_official_controls\jrc_gsw_v1_4_2021\seasonality\seasonality_10W_50Nv1_4_2021.tif,already_present,14614104,13.94 MB
JRC_GSW_seasonality,http://storage.googleapis.com/global-surface-water/downloads2021/seasonality/seasonality_120E_20Nv1_4_2021.tif,<external data root>\r58_official_controls\jrc_gsw_v1_4_2021\seasonality\seasonality_120E_20Nv1_4_2021.tif,already_present,16577474,15.81 MB
JRC_GSW_seasonality,http://storage.googleapis.com/global-surface-water/downloads2021/seasonality/seasonality_40E_20Nv1_4_2021.tif,<external data root>\r58_official_controls\jrc_gsw_v1_4_2021\seasonality\seasonality_40E_20Nv1_4_2021.tif,already_present,14534640,13.86 MB
JRC_GSW_seasonality,http://storage.googleapis.com/global-surface-water/downloads2021/seasonality/seasonality_40E_20Sv1_4_2021.tif,<external data root>\r58_official_controls\jrc_gsw_v1_4_2021\seasonality\seasonality_40E_20Sv1_4_2021.tif,already_present,14124960,13.47 MB
JRC_GSW_seasonality,http://storage.googleapis.com/global-surface-water/downloads2021/seasonality/seasonality_60E_30Nv1_4_2021.tif,<external data root>\r58_official_controls\jrc_gsw_v1_4_2021\seasonality\seasonality_60E_30Nv1_4_2021.tif,already_present,25436728,24.26 MB
JRC_GSW_seasonality,http://storage.googleapis.com/global-surface-water/downloads2021/seasonality/seasonality_80E_30Nv1_4_2021.tif,<external data root>\r58_official_controls\jrc_gsw_v1_4_2021\seasonality\seasonality_80E_30Nv1_4_2021.tif,already_present,40022664,38.17 MB
JRC_GSW_seasonality,http://storage.googleapis.com/global-surface-water/downloads2021/seasonality/seasonality_90E_20Nv1_4_2021.tif,<external data root>\r58_official_controls\jrc_gsw_v1_4_2021\seasonality\seasonality_90E_20Nv1_4_2021.tif,already_present,22673842,21.62 MB
JRC_GSW_seasonality,http://storage.googleapis.com/global-surface-water/downloads2021/seasonality/seasonality_90W_10Sv1_4_2021.tif,<external data root>\r58_official_controls\jrc_gsw_v1_4_2021\seasonality\seasonality_90W_10Sv1_4_2021.tif,already_present,12138602,11.58 MB
JRC_GSW_seasonality,http://storage.googleapis.com/global-surface-water/downloads2021/seasonality/seasonality_90W_20Nv1_4_2021.tif,<external data root>\r58_official_controls\jrc_gsw_v1_4_2021\seasonality\seasonality_90W_20Nv1_4_2021.tif,already_present,15193432,14.49 MB
JRC_GSW_seasonality,http://storage.googleapis.com/global-surface-water/downloads2021/seasonality/seasonality_90W_40Nv1_4_2021.tif,<external data root>\r58_official_controls\jrc_gsw_v1_4_2021\seasonality\seasonality_90W_40Nv1_4_2021.tif,already_present,29200682,27.85 MB
ESA_WorldCover_v200_2021,https://esa-worldcover.s3.eu-central-1.amazonaws.com/v200/2021/map/ESA_WorldCover_10m_2021_v200_N09E042_Map.tif,<external data root>\r58_official_controls\esa_worldcover_v200_2021\ESA_WorldCover_10m_2021_v200_N09E042_Map.tif,already_present,85440675,81.48 MB
ESA_WorldCover_v200_2021,https://esa-worldcover.s3.eu-central-1.amazonaws.com/v200/2021/map/ESA_WorldCover_10m_2021_v200_N12E012_Map.tif,<external data root>\r58_official_controls\esa_worldcover_v200_2021\ESA_WorldCover_10m_2021_v200_N12E012_Map.tif,already_present,78056553,74.44 MB
ESA_WorldCover_v200_2021,https://esa-worldcover.s3.eu-central-1.amazonaws.com/v200/2021/map/ESA_WorldCover_10m_2021_v200_N12W084_Map.tif,<external data root>\r58_official_controls\esa_worldcover_v200_2021\ESA_WorldCover_10m_2021_v200_N12W084_Map.tif,already_present,17078149,16.29 MB
ESA_WorldCover_v200_2021,https://esa-worldcover.s3.eu-central-1.amazonaws.com/v200/2021/map/ESA_WorldCover_10m_2021_v200_N15E093_Map.tif,<external data root>\r58_official_controls\esa_worldcover_v200_2021\ESA_WorldCover_10m_2021_v200_N15E093_Map.tif,already_present,32040917,30.56 MB
ESA_WorldCover_v200_2021,https://esa-worldcover.s3.eu-central-1.amazonaws.com/v200/2021/map/ESA_WorldCover_10m_2021_v200_N15E120_Map.tif,<external data root>\r58_official_controls\esa_worldcover_v200_2021\ESA_WorldCover_10m_2021_v200_N15E120_Map.tif,already_present,55506477,52.94 MB
ESA_WorldCover_v200_2021,https://esa-worldcover.s3.eu-central-1.amazonaws.com/v200/2021/map/ESA_WorldCover_10m_2021_v200_N18E120_Map.tif,<external data root>\r58_official_controls\esa_worldcover_v200_2021\ESA_WorldCover_10m_2021_v200_N18E120_Map.tif,already_present,9546470,9.10 MB
ESA_WorldCover_v200_2021,https://esa-worldcover.s3.eu-central-1.amazonaws.com/v200/2021/map/ESA_WorldCover_10m_2021_v200_N24E066_Map.tif,<external data root>\r58_official_controls\esa_worldcover_v200_2021\ESA_WorldCover_10m_2021_v200_N24E066_Map.tif,already_present,96971395,92.48 MB
ESA_WorldCover_v200_2021,https://esa-worldcover.s3.eu-central-1.amazonaws.com/v200/2021/map/ESA_WorldCover_10m_2021_v200_N24E069_Map.tif,<external data root>\r58_official_controls\esa_worldcover_v200_2021\ESA_WorldCover_10m_2021_v200_N24E069_Map.tif,already_present,130383847,124.34 MB
ESA_WorldCover_v200_2021,https://esa-worldcover.s3.eu-central-1.amazonaws.com/v200/2021/map/ESA_WorldCover_10m_2021_v200_N24E084_Map.tif,<external data root>\r58_official_controls\esa_worldcover_v200_2021\ESA_WorldCover_10m_2021_v200_N24E084_Map.tif,already_present,123474050,117.75 MB
ESA_WorldCover_v200_2021,https://esa-worldcover.s3.eu-central-1.amazonaws.com/v200/2021/map/ESA_WorldCover_10m_2021_v200_N27E066_Map.tif,<external data root>\r58_official_controls\esa_worldcover_v200_2021\ESA_WorldCover_10m_2021_v200_N27E066_Map.tif,already_present,78075709,74.46 MB
ESA_WorldCover_v200_2021,https://esa-worldcover.s3.eu-central-1.amazonaws.com/v200/2021/map/ESA_WorldCover_10m_2021_v200_N27E069_Map.tif,<external data root>\r58_official_controls\esa_worldcover_v200_2021\ESA_WorldCover_10m_2021_v200_N27E069_Map.tif,already_present,105024722,100.16 MB
ESA_WorldCover_v200_2021,https://esa-worldcover.s3.eu-central-1.amazonaws.com/v200/2021/map/ESA_WorldCover_10m_2021_v200_N27W096_Map.tif,<external data root>\r58_official_controls\esa_worldcover_v200_2021\ESA_WorldCover_10m_2021_v200_N27W096_Map.tif,already_present,28242961,26.93 MB
ESA_WorldCover_v200_2021,https://esa-worldcover.s3.eu-central-1.amazonaws.com/v200/2021/map/ESA_WorldCover_10m_2021_v200_N27W099_Map.tif,<external data root>\r58_official_controls\esa_worldcover_v200_2021\ESA_WorldCover_10m_2021_v200_N27W099_Map.tif,already_present,99227273,94.63 MB
ESA_WorldCover_v200_2021,https://esa-worldcover.s3.eu-central-1.amazonaws.com/v200/2021/map/ESA_WorldCover_10m_2021_v200_N36W090_Map.tif,<external data root>\r58_official_controls\esa_worldcover_v200_2021\ESA_WorldCover_10m_2021_v200_N36W090_Map.tif,already_present,94466492,90.09 MB
ESA_WorldCover_v200_2021,https://esa-worldcover.s3.eu-central-1.amazonaws.com/v200/2021/map/ESA_WorldCover_10m_2021_v200_N36W093_Map.tif,<external data root>\r58_official_controls\esa_worldcover_v200_2021\ESA_WorldCover_10m_2021_v200_N36W093_Map.tif,already_present,86822750,82.80 MB
ESA_WorldCover_v200_2021,https://esa-worldcover.s3.eu-central-1.amazonaws.com/v200/2021/map/ESA_WorldCover_10m_2021_v200_N39W003_Map.tif,<external data root>\r58_official_controls\esa_worldcover_v200_2021\ESA_WorldCover_10m_2021_v200_N39W003_Map.tif,already_present,127965948,122.04 MB
ESA_WorldCover_v200_2021,https://esa-worldcover.s3.eu-central-1.amazonaws.com/v200/2021/map/ESA_WorldCover_10m_2021_v200_N39W090_Map.tif,<external data root>\r58_official_controls\esa_worldcover_v200_2021\ESA_WorldCover_10m_2021_v200_N39W090_Map.tif,already_present,74618789,71.16 MB
ESA_WorldCover_v200_2021,https://esa-worldcover.s3.eu-central-1.amazonaws.com/v200/2021/map/ESA_WorldCover_10m_2021_v200_N39W093_Map.tif,<external data root>\r58_official_controls\esa_worldcover_v200_2021\ESA_WorldCover_10m_2021_v200_N39W093_Map.tif,already_present,100246099,95.60 MB
ESA_WorldCover_v200_2021,https://esa-worldcover.s3.eu-central-1.amazonaws.com/v200/2021/map/ESA_WorldCover_10m_2021_v200_N42W006_Map.tif,<external data root>\r58_official_controls\esa_worldcover_v200_2021\ESA_WorldCover_10m_2021_v200_N42W006_Map.tif,already_present,49698929,47.40 MB
ESA_WorldCover_v200_2021,https://esa-worldcover.s3.eu-central-1.amazonaws.com/v200/2021/map/ESA_WorldCover_10m_2021_v200_S06W081_Map.tif,<external data root>\r58_official_controls\esa_worldcover_v200_2021\ESA_WorldCover_10m_2021_v200_S06W081_Map.tif,already_present,88076207,84.00 MB
ESA_WorldCover_v200_2021,https://esa-worldcover.s3.eu-central-1.amazonaws.com/v200/2021/map/ESA_WorldCover_10m_2021_v200_S18E045_Map.tif,<external data root>\r58_official_controls\esa_worldcover_v200_2021\ESA_WorldCover_10m_2021_v200_S18E045_Map.tif,already_present,68459336,65.29 MB
ESA_WorldCover_v200_2021,https://esa-worldcover.s3.eu-central-1.amazonaws.com/v200/2021/map/ESA_WorldCover_10m_2021_v200_S18E048_Map.tif,<external data root>\r58_official_controls\esa_worldcover_v200_2021\ESA_WorldCover_10m_2021_v200_S18E048_Map.tif,already_present,74951347,71.48 MB
ESA_WorldCover_v200_2021,https://esa-worldcover.s3.eu-central-1.amazonaws.com/v200/2021/map/ESA_WorldCover_10m_2021_v200_S21E048_Map.tif,<external data root>\r58_official_controls\esa_worldcover_v200_2021\ESA_WorldCover_10m_2021_v200_S21E048_Map.tif,already_present,57995639,55.31 MB
CHIRPS_v2_0_daily_p05,https://data.chc.ucsb.edu/products/CHIRPS-2.0/global_daily/tifs/p05/2015/chirps-v2.0.2015.01.26.tif.gz,<external data root>\r58_official_controls\chirps_v2_0_daily_p05\2015\chirps-v2.0.2015.01.26.tif,already_decompressed,57616658,54.95 MB
CHIRPS_v2_0_daily_p05,https://data.chc.ucsb.edu/products/CHIRPS-2.0/global_daily/tifs/p05/2015/chirps-v2.0.2015.01.27.tif.gz,<external data root>\r58_official_controls\chirps_v2_0_daily_p05\2015\chirps-v2.0.2015.01.27.tif,already_decompressed,57616658,54.95 MB
CHIRPS_v2_0_daily_p05,https://data.chc.ucsb.edu/products/CHIRPS-2.0/global_daily/tifs/p05/2015/chirps-v2.0.2015.01.28.tif.gz,<external data root>\r58_official_controls\chirps_v2_0_daily_p05\2015\chirps-v2.0.2015.01.28.tif,already_decompressed,57616658,54.95 MB
CHIRPS_v2_0_daily_p05,https://data.chc.ucsb.edu/products/CHIRPS-2.0/global_daily/tifs/p05/2015/chirps-v2.0.2015.01.29.tif.gz,<external data root>\r58_official_controls\chirps_v2_0_daily_p05\2015\chirps-v2.0.2015.01.29.tif,already_decompressed,57616658,54.95 MB
CHIRPS_v2_0_daily_p05,https://data.chc.ucsb.edu/products/CHIRPS-2.0/global_daily/tifs/p05/2015/chirps-v2.0.2015.01.30.tif.gz,<external data root>\r58_official_controls\chirps_v2_0_daily_p05\2015\chirps-v2.0.2015.01.30.tif,already_decompressed,57616658,54.95 MB
CHIRPS_v2_0_daily_p05,https://data.chc.ucsb.edu/products/CHIRPS-2.0/global_daily/tifs/p05/2015/chirps-v2.0.2015.01.31.tif.gz,<external data root>\r58_official_controls\chirps_v2_0_daily_p05\2015\chirps-v2.0.2015.01.31.tif,already_decompressed,57616658,54.95 MB
CHIRPS_v2_0_daily_p05,https://data.chc.ucsb.edu/products/CHIRPS-2.0/global_daily/tifs/p05/2015/chirps-v2.0.2015.02.01.tif.gz,<external data root>\r58_official_controls\chirps_v2_0_daily_p05\2015\chirps-v2.0.2015.02.01.tif,already_decompressed,57616658,54.95 MB
CHIRPS_v2_0_daily_p05,https://data.chc.ucsb.edu/products/CHIRPS-2.0/global_daily/tifs/p05/2015/chirps-v2.0.2015.02.02.tif.gz,<external data root>\r58_official_controls\chirps_v2_0_daily_p05\2015\chirps-v2.0.2015.02.02.tif,already_decompressed,57616658,54.95 MB
CHIRPS_v2_0_daily_p05,https://data.chc.ucsb.edu/products/CHIRPS-2.0/global_daily/tifs/p05/2015/chirps-v2.0.2015.02.03.tif.gz,<external data root>\r58_official_controls\chirps_v2_0_daily_p05\2015\chirps-v2.0.2015.02.03.tif,already_decompressed,57616658,54.95 MB
CHIRPS_v2_0_daily_p05,https://data.chc.ucsb.edu/products/CHIRPS-2.0/global_daily/tifs/p05/2015/chirps-v2.0.2015.07.25.tif.gz,<external data root>\r58_official_controls\chirps_v2_0_daily_p05\2015\chirps-v2.0.2015.07.25.tif,already_decompressed,57616658,54.95 MB
CHIRPS_v2_0_daily_p05,https://data.chc.ucsb.edu/products/CHIRPS-2.0/global_daily/tifs/p05/2015/chirps-v2.0.2015.07.26.tif.gz,<external data root>\r58_official_controls\chirps_v2_0_daily_p05\2015\chirps-v2.0.2015.07.26.tif,already_decompressed,57616658,54.95 MB
CHIRPS_v2_0_daily_p05,https://data.chc.ucsb.edu/products/CHIRPS-2.0/global_daily/tifs/p05/2015/chirps-v2.0.2015.07.27.tif.gz,<external data root>\r58_official_controls\chirps_v2_0_daily_p05\2015\chirps-v2.0.2015.07.27.tif,already_decompressed,57616658,54.95 MB
CHIRPS_v2_0_daily_p05,https://data.chc.ucsb.edu/products/CHIRPS-2.0/global_daily/tifs/p05/2015/chirps-v2.0.2015.07.28.tif.gz,<external data root>\r58_official_controls\chirps_v2_0_daily_p05\2015\chirps-v2.0.2015.07.28.tif,already_decompressed,57616658,54.95 MB
CHIRPS_v2_0_daily_p05,https://data.chc.ucsb.edu/products/CHIRPS-2.0/global_daily/tifs/p05/2015/chirps-v2.0.2015.07.29.tif.gz,<external data root>\r58_official_controls\chirps_v2_0_daily_p05\2015\chirps-v2.0.2015.07.29.tif,already_decompressed,57616658,54.95 MB
CHIRPS_v2_0_daily_p05,https://data.chc.ucsb.edu/products/CHIRPS-2.0/global_daily/tifs/p05/2015/chirps-v2.0.2015.07.30.tif.gz,<external data root>\r58_official_controls\chirps_v2_0_daily_p05\2015\chirps-v2.0.2015.07.30.tif,already_decompressed,57616658,54.95 MB
CHIRPS_v2_0_daily_p05,https://data.chc.ucsb.edu/products/CHIRPS-2.0/global_daily/tifs/p05/2015/chirps-v2.0.2015.07.31.tif.gz,<external data root>\r58_official_controls\chirps_v2_0_daily_p05\2015\chirps-v2.0.2015.07.31.tif,already_decompressed,57616658,54.95 MB
CHIRPS_v2_0_daily_p05,https://data.chc.ucsb.edu/products/CHIRPS-2.0/global_daily/tifs/p05/2015/chirps-v2.0.2015.08.01.tif.gz,<external data root>\r58_official_controls\chirps_v2_0_daily_p05\2015\chirps-v2.0.2015.08.01.tif,already_decompressed,57616652,54.95 MB
CHIRPS_v2_0_daily_p05,https://data.chc.ucsb.edu/products/CHIRPS-2.0/global_daily/tifs/p05/2015/chirps-v2.0.2015.08.02.tif.gz,<external data root>\r58_official_controls\chirps_v2_0_daily_p05\2015\chirps-v2.0.2015.08.02.tif,already_decompressed,57616652,54.95 MB
CHIRPS_v2_0_daily_p05,https://data.chc.ucsb.edu/products/CHIRPS-2.0/global_daily/tifs/p05/2017/chirps-v2.0.2017.03.03.tif.gz,<external data root>\r58_official_controls\chirps_v2_0_daily_p05\2017\chirps-v2.0.2017.03.03.tif,already_decompressed,57616652,54.95 MB
CHIRPS_v2_0_daily_p05,https://data.chc.ucsb.edu/products/CHIRPS-2.0/global_daily/tifs/p05/2017/chirps-v2.0.2017.03.04.tif.gz,<external data root>\r58_official_controls\chirps_v2_0_daily_p05\2017\chirps-v2.0.2017.03.04.tif,already_decompressed,57616652,54.95 MB
CHIRPS_v2_0_daily_p05,https://data.chc.ucsb.edu/products/CHIRPS-2.0/global_daily/tifs/p05/2017/chirps-v2.0.2017.03.05.tif.gz,<external data root>\r58_official_controls\chirps_v2_0_daily_p05\2017\chirps-v2.0.2017.03.05.tif,already_decompressed,57616652,54.95 MB
CHIRPS_v2_0_daily_p05,https://data.chc.ucsb.edu/products/CHIRPS-2.0/global_daily/tifs/p05/2017/chirps-v2.0.2017.03.06.tif.gz,<external data root>\r58_official_controls\chirps_v2_0_daily_p05\2017\chirps-v2.0.2017.03.06.tif,already_decompressed,57616652,54.95 MB
CHIRPS_v2_0_daily_p05,https://data.chc.ucsb.edu/products/CHIRPS-2.0/global_daily/tifs/p05/2017/chirps-v2.0.2017.03.07.tif.gz,<external data root>\r58_official_controls\chirps_v2_0_daily_p05\2017\chirps-v2.0.2017.03.07.tif,already_decompressed,57616652,54.95 MB
CHIRPS_v2_0_daily_p05,https://data.chc.ucsb.edu/products/CHIRPS-2.0/global_daily/tifs/p05/2017/chirps-v2.0.2017.03.08.tif.gz,<external data root>\r58_official_controls\chirps_v2_0_daily_p05\2017\chirps-v2.0.2017.03.08.tif,already_decompressed,57616652,54.95 MB
CHIRPS_v2_0_daily_p05,https://data.chc.ucsb.edu/products/CHIRPS-2.0/global_daily/tifs/p05/2017/chirps-v2.0.2017.03.09.tif.gz,<external data root>\r58_official_controls\chirps_v2_0_daily_p05\2017\chirps-v2.0.2017.03.09.tif,already_decompressed,57616652,54.95 MB
CHIRPS_v2_0_daily_p05,https://data.chc.ucsb.edu/products/CHIRPS-2.0/global_daily/tifs/p05/2017/chirps-v2.0.2017.03.10.tif.gz,<external data root>\r58_official_controls\chirps_v2_0_daily_p05\2017\chirps-v2.0.2017.03.10.tif,already_decompressed,57616652,54.95 MB
CHIRPS_v2_0_daily_p05,https://data.chc.ucsb.edu/products/CHIRPS-2.0/global_daily/tifs/p05/2017/chirps-v2.0.2017.03.11.tif.gz,<external data root>\r58_official_controls\chirps_v2_0_daily_p05\2017\chirps-v2.0.2017.03.11.tif,already_decompressed,57616652,54.95 MB
CHIRPS_v2_0_daily_p05,https://data.chc.ucsb.edu/products/CHIRPS-2.0/global_daily/tifs/p05/2017/chirps-v2.0.2017.04.26.tif.gz,<external data root>\r58_official_controls\chirps_v2_0_daily_p05\2017\chirps-v2.0.2017.04.26.tif,already_decompressed,57616652,54.95 MB
CHIRPS_v2_0_daily_p05,https://data.chc.ucsb.edu/products/CHIRPS-2.0/global_daily/tifs/p05/2017/chirps-v2.0.2017.04.27.tif.gz,<external data root>\r58_official_controls\chirps_v2_0_daily_p05\2017\chirps-v2.0.2017.04.27.tif,already_decompressed,57616652,54.95 MB
CHIRPS_v2_0_daily_p05,https://data.chc.ucsb.edu/products/CHIRPS-2.0/global_daily/tifs/p05/2017/chirps-v2.0.2017.04.28.tif.gz,<external data root>\r58_official_controls\chirps_v2_0_daily_p05\2017\chirps-v2.0.2017.04.28.tif,already_decompressed,57616652,54.95 MB
CHIRPS_v2_0_daily_p05,https://data.chc.ucsb.edu/products/CHIRPS-2.0/global_daily/tifs/p05/2017/chirps-v2.0.2017.04.29.tif.gz,<external data root>\r58_official_controls\chirps_v2_0_daily_p05\2017\chirps-v2.0.2017.04.29.tif,already_decompressed,57616652,54.95 MB
CHIRPS_v2_0_daily_p05,https://data.chc.ucsb.edu/products/CHIRPS-2.0/global_daily/tifs/p05/2017/chirps-v2.0.2017.04.30.tif.gz,<external data root>\r58_official_controls\chirps_v2_0_daily_p05\2017\chirps-v2.0.2017.04.30.tif,already_decompressed,57616652,54.95 MB
CHIRPS_v2_0_daily_p05,https://data.chc.ucsb.edu/products/CHIRPS-2.0/global_daily/tifs/p05/2017/chirps-v2.0.2017.05.01.tif.gz,<external data root>\r58_official_controls\chirps_v2_0_daily_p05\2017\chirps-v2.0.2017.05.01.tif,already_decompressed,57616652,54.95 MB
CHIRPS_v2_0_daily_p05,https://data.chc.ucsb.edu/products/CHIRPS-2.0/global_daily/tifs/p05/2017/chirps-v2.0.2017.05.02.tif.gz,<external data root>\r58_official_controls\chirps_v2_0_daily_p05\2017\chirps-v2.0.2017.05.02.tif,already_decompressed,57616652,54.95 MB
CHIRPS_v2_0_daily_p05,https://data.chc.ucsb.edu/products/CHIRPS-2.0/global_daily/tifs/p05/2017/chirps-v2.0.2017.05.03.tif.gz,<external data root>\r58_official_controls\chirps_v2_0_daily_p05\2017\chirps-v2.0.2017.05.03.tif,already_decompressed,57616652,54.95 MB
CHIRPS_v2_0_daily_p05,https://data.chc.ucsb.edu/products/CHIRPS-2.0/global_daily/tifs/p05/2017/chirps-v2.0.2017.05.04.tif.gz,<external data root>\r58_official_controls\chirps_v2_0_daily_p05\2017\chirps-v2.0.2017.05.04.tif,already_decompressed,57616652,54.95 MB
CHIRPS_v2_0_daily_p05,https://data.chc.ucsb.edu/products/CHIRPS-2.0/global_daily/tifs/p05/2017/chirps-v2.0.2017.08.21.tif.gz,<external data root>\r58_official_controls\chirps_v2_0_daily_p05\2017\chirps-v2.0.2017.08.21.tif,already_decompressed,57616654,54.95 MB
CHIRPS_v2_0_daily_p05,https://data.chc.ucsb.edu/products/CHIRPS-2.0/global_daily/tifs/p05/2017/chirps-v2.0.2017.08.22.tif.gz,<external data root>\r58_official_controls\chirps_v2_0_daily_p05\2017\chirps-v2.0.2017.08.22.tif,already_decompressed,57616654,54.95 MB
CHIRPS_v2_0_daily_p05,https://data.chc.ucsb.edu/products/CHIRPS-2.0/global_daily/tifs/p05/2017/chirps-v2.0.2017.08.23.tif.gz,<external data root>\r58_official_controls\chirps_v2_0_daily_p05\2017\chirps-v2.0.2017.08.23.tif,already_decompressed,57616654,54.95 MB
CHIRPS_v2_0_daily_p05,https://data.chc.ucsb.edu/products/CHIRPS-2.0/global_daily/tifs/p05/2017/chirps-v2.0.2017.08.24.tif.gz,<external data root>\r58_official_controls\chirps_v2_0_daily_p05\2017\chirps-v2.0.2017.08.24.tif,already_decompressed,57616654,54.95 MB
CHIRPS_v2_0_daily_p05,https://data.chc.ucsb.edu/products/CHIRPS-2.0/global_daily/tifs/p05/2017/chirps-v2.0.2017.08.25.tif.gz,<external data root>\r58_official_controls\chirps_v2_0_daily_p05\2017\chirps-v2.0.2017.08.25.tif,already_decompressed,57616654,54.95 MB
CHIRPS_v2_0_daily_p05,https://data.chc.ucsb.edu/products/CHIRPS-2.0/global_daily/tifs/p05/2017/chirps-v2.0.2017.08.26.tif.gz,<external data root>\r58_official_controls\chirps_v2_0_daily_p05\2017\chirps-v2.0.2017.08.26.tif,already_decompressed,57616654,54.95 MB
CHIRPS_v2_0_daily_p05,https://data.chc.ucsb.edu/products/CHIRPS-2.0/global_daily/tifs/p05/2017/chirps-v2.0.2017.08.27.tif.gz,<external data root>\r58_official_controls\chirps_v2_0_daily_p05\2017\chirps-v2.0.2017.08.27.tif,already_decompressed,57616654,54.95 MB
CHIRPS_v2_0_daily_p05,https://data.chc.ucsb.edu/products/CHIRPS-2.0/global_daily/tifs/p05/2017/chirps-v2.0.2017.08.28.tif.gz,<external data root>\r58_official_controls\chirps_v2_0_daily_p05\2017\chirps-v2.0.2017.08.28.tif,already_decompressed,57616654,54.95 MB
CHIRPS_v2_0_daily_p05,https://data.chc.ucsb.edu/products/CHIRPS-2.0/global_daily/tifs/p05/2017/chirps-v2.0.2017.08.29.tif.gz,<external data root>\r58_official_controls\chirps_v2_0_daily_p05\2017\chirps-v2.0.2017.08.29.tif,already_decompressed,57616654,54.95 MB
CHIRPS_v2_0_daily_p05,https://data.chc.ucsb.edu/products/CHIRPS-2.0/global_daily/tifs/p05/2019/chirps-v2.0.2019.09.10.tif.gz,<external data root>\r58_official_controls\chirps_v2_0_daily_p05\2019\chirps-v2.0.2019.09.10.tif,already_decompressed,57616610,54.95 MB
CHIRPS_v2_0_daily_p05,https://data.chc.ucsb.edu/products/CHIRPS-2.0/global_daily/tifs/p05/2019/chirps-v2.0.2019.09.11.tif.gz,<external data root>\r58_official_controls\chirps_v2_0_daily_p05\2019\chirps-v2.0.2019.09.11.tif,already_decompressed,57616610,54.95 MB
CHIRPS_v2_0_daily_p05,https://data.chc.ucsb.edu/products/CHIRPS-2.0/global_daily/tifs/p05/2019/chirps-v2.0.2019.09.12.tif.gz,<external data root>\r58_official_controls\chirps_v2_0_daily_p05\2019\chirps-v2.0.2019.09.12.tif,already_decompressed,57616610,54.95 MB
CHIRPS_v2_0_daily_p05,https://data.chc.ucsb.edu/products/CHIRPS-2.0/global_daily/tifs/p05/2019/chirps-v2.0.2019.09.13.tif.gz,<external data root>\r58_official_controls\chirps_v2_0_daily_p05\2019\chirps-v2.0.2019.09.13.tif,already_decompressed,57616610,54.95 MB
CHIRPS_v2_0_daily_p05,https://data.chc.ucsb.edu/products/CHIRPS-2.0/global_daily/tifs/p05/2019/chirps-v2.0.2019.09.14.tif.gz,<external data root>\r58_official_controls\chirps_v2_0_daily_p05\2019\chirps-v2.0.2019.09.14.tif,already_decompressed,57616610,54.95 MB
CHIRPS_v2_0_daily_p05,https://data.chc.ucsb.edu/products/CHIRPS-2.0/global_daily/tifs/p05/2019/chirps-v2.0.2019.09.15.tif.gz,<external data root>\r58_official_controls\chirps_v2_0_daily_p05\2019\chirps-v2.0.2019.09.15.tif,already_decompressed,57616610,54.95 MB
CHIRPS_v2_0_daily_p05,https://data.chc.ucsb.edu/products/CHIRPS-2.0/global_daily/tifs/p05/2019/chirps-v2.0.2019.09.16.tif.gz,<external data root>\r58_official_controls\chirps_v2_0_daily_p05\2019\chirps-v2.0.2019.09.16.tif,already_decompressed,57616610,54.95 MB
CHIRPS_v2_0_daily_p05,https://data.chc.ucsb.edu/products/CHIRPS-2.0/global_daily/tifs/p05/2019/chirps-v2.0.2019.09.17.tif.gz,<external data root>\r58_official_controls\chirps_v2_0_daily_p05\2019\chirps-v2.0.2019.09.17.tif,already_decompressed,57616610,54.95 MB
CHIRPS_v2_0_daily_p05,https://data.chc.ucsb.edu/products/CHIRPS-2.0/global_daily/tifs/p05/2019/chirps-v2.0.2019.09.18.tif.gz,<external data root>\r58_official_controls\chirps_v2_0_daily_p05\2019\chirps-v2.0.2019.09.18.tif,already_decompressed,57616610,54.95 MB
CHIRPS_v2_0_daily_p05,https://data.chc.ucsb.edu/products/CHIRPS-2.0/global_daily/tifs/p05/2019/chirps-v2.0.2019.11.19.tif.gz,<external data root>\r58_official_controls\chirps_v2_0_daily_p05\2019\chirps-v2.0.2019.11.19.tif,already_decompressed,57616610,54.95 MB
CHIRPS_v2_0_daily_p05,https://data.chc.ucsb.edu/products/CHIRPS-2.0/global_daily/tifs/p05/2019/chirps-v2.0.2019.11.20.tif.gz,<external data root>\r58_official_controls\chirps_v2_0_daily_p05\2019\chirps-v2.0.2019.11.20.tif,already_decompressed,57616610,54.95 MB
CHIRPS_v2_0_daily_p05,https://data.chc.ucsb.edu/products/CHIRPS-2.0/global_daily/tifs/p05/2019/chirps-v2.0.2019.11.21.tif.gz,<external data root>\r58_official_controls\chirps_v2_0_daily_p05\2019\chirps-v2.0.2019.11.21.tif,already_decompressed,57616610,54.95 MB
CHIRPS_v2_0_daily_p05,https://data.chc.ucsb.edu/products/CHIRPS-2.0/global_daily/tifs/p05/2019/chirps-v2.0.2019.11.22.tif.gz,<external data root>\r58_official_controls\chirps_v2_0_daily_p05\2019\chirps-v2.0.2019.11.22.tif,already_decompressed,57616610,54.95 MB
CHIRPS_v2_0_daily_p05,https://data.chc.ucsb.edu/products/CHIRPS-2.0/global_daily/tifs/p05/2019/chirps-v2.0.2019.11.23.tif.gz,<external data root>\r58_official_controls\chirps_v2_0_daily_p05\2019\chirps-v2.0.2019.11.23.tif,already_decompressed,57616610,54.95 MB
CHIRPS_v2_0_daily_p05,https://data.chc.ucsb.edu/products/CHIRPS-2.0/global_daily/tifs/p05/2019/chirps-v2.0.2019.11.24.tif.gz,<external data root>\r58_official_controls\chirps_v2_0_daily_p05\2019\chirps-v2.0.2019.11.24.tif,already_decompressed,57616610,54.95 MB
CHIRPS_v2_0_daily_p05,https://data.chc.ucsb.edu/products/CHIRPS-2.0/global_daily/tifs/p05/2019/chirps-v2.0.2019.11.25.tif.gz,<external data root>\r58_official_controls\chirps_v2_0_daily_p05\2019\chirps-v2.0.2019.11.25.tif,already_decompressed,57616610,54.95 MB
CHIRPS_v2_0_daily_p05,https://data.chc.ucsb.edu/products/CHIRPS-2.0/global_daily/tifs/p05/2019/chirps-v2.0.2019.11.26.tif.gz,<external data root>\r58_official_controls\chirps_v2_0_daily_p05\2019\chirps-v2.0.2019.11.26.tif,already_decompressed,57616610,54.95 MB
CHIRPS_v2_0_daily_p05,https://data.chc.ucsb.edu/products/CHIRPS-2.0/global_daily/tifs/p05/2019/chirps-v2.0.2019.11.27.tif.gz,<external data root>\r58_official_controls\chirps_v2_0_daily_p05\2019\chirps-v2.0.2019.11.27.tif,already_decompressed,57616610,54.95 MB
CHIRPS_v2_0_daily_p05,https://data.chc.ucsb.edu/products/CHIRPS-2.0/global_daily/tifs/p05/2020/chirps-v2.0.2020.01.18.tif.gz,<external data root>\r58_official_controls\chirps_v2_0_daily_p05\2020\chirps-v2.0.2020.01.18.tif,already_decompressed,57616610,54.95 MB
CHIRPS_v2_0_daily_p05,https://data.chc.ucsb.edu/products/CHIRPS-2.0/global_daily/tifs/p05/2020/chirps-v2.0.2020.01.19.tif.gz,<external data root>\r58_official_controls\chirps_v2_0_daily_p05\2020\chirps-v2.0.2020.01.19.tif,already_decompressed,57616610,54.95 MB
CHIRPS_v2_0_daily_p05,https://data.chc.ucsb.edu/products/CHIRPS-2.0/global_daily/tifs/p05/2020/chirps-v2.0.2020.01.20.tif.gz,<external data root>\r58_official_controls\chirps_v2_0_daily_p05\2020\chirps-v2.0.2020.01.20.tif,already_decompressed,57616610,54.95 MB
CHIRPS_v2_0_daily_p05,https://data.chc.ucsb.edu/products/CHIRPS-2.0/global_daily/tifs/p05/2020/chirps-v2.0.2020.01.21.tif.gz,<external data root>\r58_official_controls\chirps_v2_0_daily_p05\2020\chirps-v2.0.2020.01.21.tif,already_decompressed,57616610,54.95 MB
CHIRPS_v2_0_daily_p05,https://data.chc.ucsb.edu/products/CHIRPS-2.0/global_daily/tifs/p05/2020/chirps-v2.0.2020.01.22.tif.gz,<external data root>\r58_official_controls\chirps_v2_0_daily_p05\2020\chirps-v2.0.2020.01.22.tif,already_decompressed,57616610,54.95 MB
CHIRPS_v2_0_daily_p05,https://data.chc.ucsb.edu/products/CHIRPS-2.0/global_daily/tifs/p05/2020/chirps-v2.0.2020.01.23.tif.gz,<external data root>\r58_official_controls\chirps_v2_0_daily_p05\2020\chirps-v2.0.2020.01.23.tif,already_decompressed,57616610,54.95 MB
CHIRPS_v2_0_daily_p05,https://data.chc.ucsb.edu/products/CHIRPS-2.0/global_daily/tifs/p05/2020/chirps-v2.0.2020.01.24.tif.gz,<external data root>\r58_official_controls\chirps_v2_0_daily_p05\2020\chirps-v2.0.2020.01.24.tif,already_decompressed,57616610,54.95 MB
CHIRPS_v2_0_daily_p05,https://data.chc.ucsb.edu/products/CHIRPS-2.0/global_daily/tifs/p05/2020/chirps-v2.0.2020.01.25.tif.gz,<external data root>\r58_official_controls\chirps_v2_0_daily_p05\2020\chirps-v2.0.2020.01.25.tif,already_decompressed,57616610,54.95 MB
CHIRPS_v2_0_daily_p05,https://data.chc.ucsb.edu/products/CHIRPS-2.0/global_daily/tifs/p05/2020/chirps-v2.0.2020.01.26.tif.gz,<external data root>\r58_official_controls\chirps_v2_0_daily_p05\2020\chirps-v2.0.2020.01.26.tif,already_decompressed,57616610,54.95 MB
CHIRPS_v2_0_daily_p05,https://data.chc.ucsb.edu/products/CHIRPS-2.0/global_daily/tifs/p05/2020/chirps-v2.0.2020.01.27.tif.gz,<external data root>\r58_official_controls\chirps_v2_0_daily_p05\2020\chirps-v2.0.2020.01.27.tif,already_decompressed,57616610,54.95 MB
CHIRPS_v2_0_daily_p05,https://data.chc.ucsb.edu/products/CHIRPS-2.0/global_daily/tifs/p05/2020/chirps-v2.0.2020.01.28.tif.gz,<external data root>\r58_official_controls\chirps_v2_0_daily_p05\2020\chirps-v2.0.2020.01.28.tif,already_decompressed,57616610,54.95 MB
CHIRPS_v2_0_daily_p05,https://data.chc.ucsb.edu/products/CHIRPS-2.0/global_daily/tifs/p05/2020/chirps-v2.0.2020.01.29.tif.gz,<external data root>\r58_official_controls\chirps_v2_0_daily_p05\2020\chirps-v2.0.2020.01.29.tif,already_decompressed,57616610,54.95 MB
CHIRPS_v2_0_daily_p05,https://data.chc.ucsb.edu/products/CHIRPS-2.0/global_daily/tifs/p05/2020/chirps-v2.0.2020.01.30.tif.gz,<external data root>\r58_official_controls\chirps_v2_0_daily_p05\2020\chirps-v2.0.2020.01.30.tif,already_decompressed,57616610,54.95 MB
CHIRPS_v2_0_daily_p05,https://data.chc.ucsb.edu/products/CHIRPS-2.0/global_daily/tifs/p05/2020/chirps-v2.0.2020.01.31.tif.gz,<external data root>\r58_official_controls\chirps_v2_0_daily_p05\2020\chirps-v2.0.2020.01.31.tif,already_decompressed,57616610,54.95 MB
CHIRPS_v2_0_daily_p05,https://data.chc.ucsb.edu/products/CHIRPS-2.0/global_daily/tifs/p05/2020/chirps-v2.0.2020.08.08.tif.gz,<external data root>\r58_official_controls\chirps_v2_0_daily_p05\2020\chirps-v2.0.2020.08.08.tif,already_decompressed,57616610,54.95 MB
CHIRPS_v2_0_daily_p05,https://data.chc.ucsb.edu/products/CHIRPS-2.0/global_daily/tifs/p05/2020/chirps-v2.0.2020.08.09.tif.gz,<external data root>\r58_official_controls\chirps_v2_0_daily_p05\2020\chirps-v2.0.2020.08.09.tif,already_decompressed,57616610,54.95 MB
CHIRPS_v2_0_daily_p05,https://data.chc.ucsb.edu/products/CHIRPS-2.0/global_daily/tifs/p05/2020/chirps-v2.0.2020.08.10.tif.gz,<external data root>\r58_official_controls\chirps_v2_0_daily_p05\2020\chirps-v2.0.2020.08.10.tif,already_decompressed,57616610,54.95 MB
CHIRPS_v2_0_daily_p05,https://data.chc.ucsb.edu/products/CHIRPS-2.0/global_daily/tifs/p05/2020/chirps-v2.0.2020.08.11.tif.gz,<external data root>\r58_official_controls\chirps_v2_0_daily_p05\2020\chirps-v2.0.2020.08.11.tif,already_decompressed,57616610,54.95 MB
CHIRPS_v2_0_daily_p05,https://data.chc.ucsb.edu/products/CHIRPS-2.0/global_daily/tifs/p05/2020/chirps-v2.0.2020.08.12.tif.gz,<external data root>\r58_official_controls\chirps_v2_0_daily_p05\2020\chirps-v2.0.2020.08.12.tif,already_decompressed,57616610,54.95 MB
CHIRPS_v2_0_daily_p05,https://data.chc.ucsb.edu/products/CHIRPS-2.0/global_daily/tifs/p05/2020/chirps-v2.0.2020.08.13.tif.gz,<external data root>\r58_official_controls\chirps_v2_0_daily_p05\2020\chirps-v2.0.2020.08.13.tif,already_decompressed,57616610,54.95 MB
CHIRPS_v2_0_daily_p05,https://data.chc.ucsb.edu/products/CHIRPS-2.0/global_daily/tifs/p05/2020/chirps-v2.0.2020.08.14.tif.gz,<external data root>\r58_official_controls\chirps_v2_0_daily_p05\2020\chirps-v2.0.2020.08.14.tif,already_decompressed,57616610,54.95 MB
CHIRPS_v2_0_daily_p05,https://data.chc.ucsb.edu/products/CHIRPS-2.0/global_daily/tifs/p05/2020/chirps-v2.0.2020.08.15.tif.gz,<external data root>\r58_official_controls\chirps_v2_0_daily_p05\2020\chirps-v2.0.2020.08.15.tif,already_decompressed,57616610,54.95 MB
CHIRPS_v2_0_daily_p05,https://data.chc.ucsb.edu/products/CHIRPS-2.0/global_daily/tifs/p05/2020/chirps-v2.0.2020.08.16.tif.gz,<external data root>\r58_official_controls\chirps_v2_0_daily_p05\2020\chirps-v2.0.2020.08.16.tif,already_decompressed,57616610,54.95 MB
CHIRPS_v2_0_daily_p05,https://data.chc.ucsb.edu/products/CHIRPS-2.0/global_daily/tifs/p05/2020/chirps-v2.0.2020.09.07.tif.gz,<external data root>\r58_official_controls\chirps_v2_0_daily_p05\2020\chirps-v2.0.2020.09.07.tif,already_decompressed,57616614,54.95 MB
CHIRPS_v2_0_daily_p05,https://data.chc.ucsb.edu/products/CHIRPS-2.0/global_daily/tifs/p05/2020/chirps-v2.0.2020.09.08.tif.gz,<external data root>\r58_official_controls\chirps_v2_0_daily_p05\2020\chirps-v2.0.2020.09.08.tif,already_decompressed,57616614,54.95 MB
CHIRPS_v2_0_daily_p05,https://data.chc.ucsb.edu/products/CHIRPS-2.0/global_daily/tifs/p05/2020/chirps-v2.0.2020.09.09.tif.gz,<external data root>\r58_official_controls\chirps_v2_0_daily_p05\2020\chirps-v2.0.2020.09.09.tif,already_decompressed,57616614,54.95 MB
CHIRPS_v2_0_daily_p05,https://data.chc.ucsb.edu/products/CHIRPS-2.0/global_daily/tifs/p05/2020/chirps-v2.0.2020.09.10.tif.gz,<external data root>\r58_official_controls\chirps_v2_0_daily_p05\2020\chirps-v2.0.2020.09.10.tif,already_decompressed,57616614,54.95 MB
CHIRPS_v2_0_daily_p05,https://data.chc.ucsb.edu/products/CHIRPS-2.0/global_daily/tifs/p05/2020/chirps-v2.0.2020.09.11.tif.gz,<external data root>\r58_official_controls\chirps_v2_0_daily_p05\2020\chirps-v2.0.2020.09.11.tif,already_decompressed,57616614,54.95 MB
CHIRPS_v2_0_daily_p05,https://data.chc.ucsb.edu/products/CHIRPS-2.0/global_daily/tifs/p05/2020/chirps-v2.0.2020.09.12.tif.gz,<external data root>\r58_official_controls\chirps_v2_0_daily_p05\2020\chirps-v2.0.2020.09.12.tif,already_decompressed,57616614,54.95 MB
CHIRPS_v2_0_daily_p05,https://data.chc.ucsb.edu/products/CHIRPS-2.0/global_daily/tifs/p05/2020/chirps-v2.0.2020.09.13.tif.gz,<external data root>\r58_official_controls\chirps_v2_0_daily_p05\2020\chirps-v2.0.2020.09.13.tif,already_decompressed,57616614,54.95 MB
CHIRPS_v2_0_daily_p05,https://data.chc.ucsb.edu/products/CHIRPS-2.0/global_daily/tifs/p05/2020/chirps-v2.0.2020.09.14.tif.gz,<external data root>\r58_official_controls\chirps_v2_0_daily_p05\2020\chirps-v2.0.2020.09.14.tif,already_decompressed,57616614,54.95 MB
CHIRPS_v2_0_daily_p05,https://data.chc.ucsb.edu/products/CHIRPS-2.0/global_daily/tifs/p05/2020/chirps-v2.0.2020.09.15.tif.gz,<external data root>\r58_official_controls\chirps_v2_0_daily_p05\2020\chirps-v2.0.2020.09.15.tif,already_decompressed,57616614,54.95 MB
CHIRPS_v2_0_daily_p05,https://data.chc.ucsb.edu/products/CHIRPS-2.0/global_daily/tifs/p05/2020/chirps-v2.0.2020.11.05.tif.gz,<external data root>\r58_official_controls\chirps_v2_0_daily_p05\2020\chirps-v2.0.2020.11.05.tif,already_decompressed,57616614,54.95 MB
CHIRPS_v2_0_daily_p05,https://data.chc.ucsb.edu/products/CHIRPS-2.0/global_daily/tifs/p05/2020/chirps-v2.0.2020.11.06.tif.gz,<external data root>\r58_official_controls\chirps_v2_0_daily_p05\2020\chirps-v2.0.2020.11.06.tif,already_decompressed,57616614,54.95 MB
CHIRPS_v2_0_daily_p05,https://data.chc.ucsb.edu/products/CHIRPS-2.0/global_daily/tifs/p05/2020/chirps-v2.0.2020.11.07.tif.gz,<external data root>\r58_official_controls\chirps_v2_0_daily_p05\2020\chirps-v2.0.2020.11.07.tif,already_decompressed,57616614,54.95 MB
CHIRPS_v2_0_daily_p05,https://data.chc.ucsb.edu/products/CHIRPS-2.0/global_daily/tifs/p05/2020/chirps-v2.0.2020.11.08.tif.gz,<external data root>\r58_official_controls\chirps_v2_0_daily_p05\2020\chirps-v2.0.2020.11.08.tif,already_decompressed,57616614,54.95 MB
CHIRPS_v2_0_daily_p05,https://data.chc.ucsb.edu/products/CHIRPS-2.0/global_daily/tifs/p05/2020/chirps-v2.0.2020.11.09.tif.gz,<external data root>\r58_official_controls\chirps_v2_0_daily_p05\2020\chirps-v2.0.2020.11.09.tif,already_decompressed,57616614,54.95 MB
CHIRPS_v2_0_daily_p05,https://data.chc.ucsb.edu/products/CHIRPS-2.0/global_daily/tifs/p05/2020/chirps-v2.0.2020.11.10.tif.gz,<external data root>\r58_official_controls\chirps_v2_0_daily_p05\2020\chirps-v2.0.2020.11.10.tif,already_decompressed,57616614,54.95 MB
CHIRPS_v2_0_daily_p05,https://data.chc.ucsb.edu/products/CHIRPS-2.0/global_daily/tifs/p05/2020/chirps-v2.0.2020.11.11.tif.gz,<external data root>\r58_official_controls\chirps_v2_0_daily_p05\2020\chirps-v2.0.2020.11.11.tif,already_decompressed,57616614,54.95 MB
CHIRPS_v2_0_daily_p05,https://data.chc.ucsb.edu/products/CHIRPS-2.0/global_daily/tifs/p05/2020/chirps-v2.0.2020.11.12.tif.gz,<external data root>\r58_official_controls\chirps_v2_0_daily_p05\2020\chirps-v2.0.2020.11.12.tif,already_decompressed,57616614,54.95 MB
CHIRPS_v2_0_daily_p05,https://data.chc.ucsb.edu/products/CHIRPS-2.0/global_daily/tifs/p05/2020/chirps-v2.0.2020.11.13.tif.gz,<external data root>\r58_official_controls\chirps_v2_0_daily_p05\2020\chirps-v2.0.2020.11.13.tif,already_decompressed,57616614,54.95 MB
CHIRPS_v2_0_daily_p05,https://data.chc.ucsb.edu/products/CHIRPS-2.0/global_daily/tifs/p05/2022/chirps-v2.0.2022.09.03.tif.gz,<external data root>\r58_official_controls\chirps_v2_0_daily_p05\2022\chirps-v2.0.2022.09.03.tif,already_decompressed,57616614,54.95 MB
CHIRPS_v2_0_daily_p05,https://data.chc.ucsb.edu/products/CHIRPS-2.0/global_daily/tifs/p05/2022/chirps-v2.0.2022.09.04.tif.gz,<external data root>\r58_official_controls\chirps_v2_0_daily_p05\2022\chirps-v2.0.2022.09.04.tif,already_decompressed,57616614,54.95 MB
CHIRPS_v2_0_daily_p05,https://data.chc.ucsb.edu/products/CHIRPS-2.0/global_daily/tifs/p05/2022/chirps-v2.0.2022.09.05.tif.gz,<external data root>\r58_official_controls\chirps_v2_0_daily_p05\2022\chirps-v2.0.2022.09.05.tif,already_decompressed,57616614,54.95 MB
CHIRPS_v2_0_daily_p05,https://data.chc.ucsb.edu/products/CHIRPS-2.0/global_daily/tifs/p05/2022/chirps-v2.0.2022.09.06.tif.gz,<external data root>\r58_official_controls\chirps_v2_0_daily_p05\2022\chirps-v2.0.2022.09.06.tif,already_decompressed,57616614,54.95 MB
CHIRPS_v2_0_daily_p05,https://data.chc.ucsb.edu/products/CHIRPS-2.0/global_daily/tifs/p05/2022/chirps-v2.0.2022.09.07.tif.gz,<external data root>\r58_official_controls\chirps_v2_0_daily_p05\2022\chirps-v2.0.2022.09.07.tif,already_decompressed,57616614,54.95 MB
CHIRPS_v2_0_daily_p05,https://data.chc.ucsb.edu/products/CHIRPS-2.0/global_daily/tifs/p05/2022/chirps-v2.0.2022.09.08.tif.gz,<external data root>\r58_official_controls\chirps_v2_0_daily_p05\2022\chirps-v2.0.2022.09.08.tif,already_decompressed,57616614,54.95 MB
CHIRPS_v2_0_daily_p05,https://data.chc.ucsb.edu/products/CHIRPS-2.0/global_daily/tifs/p05/2022/chirps-v2.0.2022.09.09.tif.gz,<external data root>\r58_official_controls\chirps_v2_0_daily_p05\2022\chirps-v2.0.2022.09.09.tif,already_decompressed,57616614,54.95 MB
CHIRPS_v2_0_daily_p05,https://data.chc.ucsb.edu/products/CHIRPS-2.0/global_daily/tifs/p05/2022/chirps-v2.0.2022.09.10.tif.gz,<external data root>\r58_official_controls\chirps_v2_0_daily_p05\2022\chirps-v2.0.2022.09.10.tif,already_decompressed,57616614,54.95 MB
CHIRPS_v2_0_daily_p05,https://data.chc.ucsb.edu/products/CHIRPS-2.0/global_daily/tifs/p05/2022/chirps-v2.0.2022.09.11.tif.gz,<external data root>\r58_official_controls\chirps_v2_0_daily_p05\2022\chirps-v2.0.2022.09.11.tif,already_decompressed,57616614,54.95 MB
HydroSHEDS_HydroRIVERS_v10,https://data.hydrosheds.org/file/HydroRIVERS/HydroRIVERS_v10_af_shp.zip,<external data root>\r58_official_controls\hydrosheds_hydrorivers_v10\HydroRIVERS_v10_af_shp.zip,already_present,107873468,102.88 MB
HydroSHEDS_HydroRIVERS_v10,https://data.hydrosheds.org/file/HydroRIVERS/HydroRIVERS_v10_as_shp.zip,<external data root>\r58_official_controls\hydrosheds_hydrorivers_v10\HydroRIVERS_v10_as_shp.zip,already_present,90510995,86.32 MB
HydroSHEDS_HydroRIVERS_v10,https://data.hydrosheds.org/file/HydroRIVERS/HydroRIVERS_v10_na_shp.zip,<external data root>\r58_official_controls\hydrosheds_hydrorivers_v10\HydroRIVERS_v10_na_shp.zip,already_present,66335898,63.26 MB
HydroSHEDS_HydroRIVERS_v10,https://data.hydrosheds.org/file/HydroRIVERS/HydroRIVERS_v10_sa_shp.zip,<external data root>\r58_official_controls\hydrosheds_hydrorivers_v10\HydroRIVERS_v10_sa_shp.zip,already_present,95257204,90.84 MB
